{
  "name": "",
  "css_prefix_text": "icon-",
  "css_use_suffix": false,
  "hinting": true,
  "units_per_em": 1000,
  "ascent": 850,
  "glyphs": [
    {
      "uid": "c5fd349cbd3d23e4ade333789c29c729",
      "css": "eye",
      "code": 59399,
      "src": "fontawesome"
    },
    {
      "uid": "9a76bc135eac17d2c8b8ad4a5774fc87",
      "css": "download",
      "code": 59397,
      "src": "fontawesome"
    },
    {
      "uid": "f48ae54adfb27d8ada53d0fd9e34ee10",
      "css": "trash",
      "code": 59396,
      "src": "fontawesome"
    },
    {
      "uid": "2cb15eb2b295ee3c33fab1530e18a924",
      "css": "bitcoin",
      "code": 59395,
      "src": "fontawesome"
    },
    {
      "uid": "0f6a2573a7b6df911ed199bb63717e27",
      "css": "github-circled",
      "code": 59393,
      "src": "fontawesome"
    },
    {
      "uid": "627abcdb627cb1789e009c08e2678ef9",
      "css": "twitter",
      "code": 59392,
      "src": "fontawesome"
    },
    {
      "uid": "fccd3ea0efb711b849045bee686b1ceb",
      "css": "spinner",
      "code": 59398,
      "src": "mfglabs"
    },
    {
      "uid": "c71d7db10ede1349b3a8ae0293b1dbf8",
      "css": "flattr",
      "code": 59394,
      "src": "zocial"
    }
  ]
}